s_m,x_m,y_m,psi_rad,kappa_radpm,vx_mps,ax_mps2
0.0,89659.66593676565,43185.69333544247,-0.6907954544389618,-5.443506443796895,1.484742883507902,0.0
0.7925854924773527,89660.2027251559,43185.11163293198,-0.8928986603465006,-0.1619255069188689,3.182815790287098,5.0
1.58527233642829,89660.65794963943,43184.4633677364,-1.0263487873677442,-0.1837168225479796,4.249374635685851,4.999999999999999
2.3787831835320805,89661.01872244786,43183.758272125764,-1.1531773767699558,-0.19367020364317922,5.098263750086706,4.999999999999998
3.171213585427663,89661.27648302368,43183.009899669334,-1.3053906076049737,-0.19481469301305063,5.823795779764602,4.999999999999997
3.9660741211695663,89661.42863308052,43182.2315855779,-1.4454296429083267,-0.16339421821072717,6.4703324985523745,4.999999999999998
4.759453822617774,89661.47399690235,43181.43906196596,-1.5853499932688655,-0.1900816665148584,7.056840628518196,5.000000000000002
5.5516965177563975,89661.40183827304,43180.65080860851,-1.7304032092635449,-0.12022435071261027,7.597461852993494,5.000000000000003
6.343942852967997,89661.22982811803,43179.87824230045,-1.8590132075746455,-0.09314935859728088,8.10209170275228,2.1822212703821537
7.136560662232107,89660.95639598598,43179.13556105665,-1.999164051647637,-0.18564794390983722,8.03980566314716,2.1828508757917846
7.929161199154334,89660.5778170682,43178.440022149705,-2.1368646372157363,-0.16501389155439386,8.518478765037536,1.0154532634323366
8.72190767811092,89660.10968780302,43177.80107533975,-2.2711779991132937,-0.17683943706450972,8.237606855335283,-1.1316040667978657
9.51544319714938,89659.55749244246,43177.23264696528,-2.4115471499683285,-0.17397760644104138,8.305082428871886,0.29649981525576435
10.308887865163959,89658.93177030128,43176.745463265754,-2.5484582230272013,-0.1744205177815513,8.294531051700176,0.027981093457440855
11.100642478125533,89658.24543625668,43176.350338278746,-2.6912792098002924,-0.17375413306304022,8.310421491646249,2.5850197581017853
11.893514934908092,89657.51527466724,43176.043258268735,-2.7790987180383477,-0.04826159743022773,8.774498842477641,4.999999999999999
12.685255304461988,89656.7717379122,43175.76999373826,-2.794869496908397,-0.003393253987354906,9.214620645049932,5.000000000000004
13.477264410254756,89656.02726262293,43175.50016420807,-2.792612152367115,0.0018340766589438492,9.63479759466218,3.0341749016151165
14.269272643240717,89655.2829940864,43175.229267268514,-2.7929632806172755,-0.0015240966235206602,9.722222222222221,0.5341911197496702
15.06122957328152,89654.53858261832,43174.958943416794,-2.7932563683723797,0.0007841322812790426,9.722222222222221,0.0
15.85323812473661,89653.79418446249,43174.688585574855,-2.7938135179704524,-0.003316658457438345,9.722222222222221,0.0
16.645100221463537,89653.04975870099,43174.41827813641,-2.7904747103614396,0.012949818509304059,9.722222222222221,0.0
17.43701723507583,89652.30664390922,43174.14489045279,-2.7915773639905015,-0.016244693638427673,9.722222222222221,0.0
18.23000054235313,89651.55962037879,43173.88062905133,-2.8122715083887986,-0.0087981439403172,9.722222222222221,0.0
19.021479778175514,89650.81263376347,43173.61613400335,-2.7757708349714436,0.10124139519856495,9.722222222222221,-5.222513265128457
19.813449818625124,89650.08987404268,43173.295064659505,-2.664822260858774,0.1538808061498855,8.830766401524532,-6.269022254768562
20.610507595225897,89649.40875241772,43172.887842831595,-2.539732234365611,0.16086156717301828,8.637030938997572,-5.978557094365403
21.409087048761613,89648.78322648958,43172.39172644387,-2.3963718341674216,0.2037240115257951,7.674843234474721,-9.178178163961162
22.2012981605346,89648.24953546925,43171.80356373223,-2.210906202725799,0.264333570571471,6.737743315183339,-1.76227164692566
22.993476580047034,89647.82088518329,43171.13797184104,-2.155420120261202,-0.15260353594496948,7.301983920580907,-3.3780454199834824
23.78832863257088,89647.43760559155,43170.44622799772,-1.939387224352942,0.34607002786240654,5.888553552989477,-3.973120476782525
24.579381589382628,89647.21784704542,43169.68476953711,-1.8576197824144614,-0.2947172967649602,6.38098627508128,2.7464401501798554
25.374075022256307,89647.03459582203,43168.91786141096,-1.6189211887346098,0.27659088243282665,6.586757779947172,3.3441234034167846
26.173263081128372,89646.99785529319,43168.123005168556,-1.6247030945692065,0.11962091049538304,7.167793149946172,0.14725658274502337
26.965661508547687,89647.04929293369,43167.33583575246,-1.32562878190285,0.2736344878096986,6.622244425111735,-1.787555614224102
27.77255761623891,89647.21105775764,43166.5519945122,-1.385977181055946,0.2628143756549998,6.757188971040082,-3.051805892147681
28.564874521795726,89647.52324363452,43165.83445945918,-1.0318594232511809,-0.35197690641099316,5.838933621190108,-6.115339215950429
29.354911243027875,89647.86284814417,43165.118207921056,-1.1467031035277364,0.456163722729647,5.128971087414886,0.06531905377798454
30.154356070897492,89648.29699492366,43164.45964899679,-0.8526307383862246,0.28243677738772466,5.8566878604065975,5.0
30.962484275351358,89648.88060555508,43163.904372601704,-0.6885254909390559,0.13243234842490376,6.510151667877843,5.0
31.75253877830165,89649.51892657753,43163.42535745487,-0.5966299074233216,0.13433929397688588,7.091023887160131,5.000000000000003
32.54652650792796,89650.19762199532,43163.0206914652,-0.47373067995832585,0.1722718233099184,7.630366771298656,2.0594669524423144
33.33987348520533,89650.92849059096,43162.71116364313,-0.3223175227034791,0.21119046715954903,7.537953734996074,2.057243224508275
34.13266172714111,89651.69622945314,43162.51783885471,-0.18961138460615856,0.09058814053907292,8.04665327513862,5.0000000000000115
34.92461368600213,89652.47711913272,43162.38197318046,-0.16587595789197873,0.00636947851430995,8.524561485431922,5.000000000000004
35.716457077407796,89653.25812180745,43162.251948610785,-0.16536700116815675,-0.0018073511975407843,8.977002976103213,5.0
36.50852469742947,89654.03930167362,43162.121557467595,-0.16472338114656407,0.003431457702174446,9.407829645204185,4.398532816784798
37.30051056589487,89654.82082684878,43161.992956045484,-0.16226687710125456,-0.0023338483938282815,9.722222222222221,1.89851481423086
38.09248555462338,89655.60200709575,43161.86271061151,-0.17017008706112152,-0.01762341785191699,9.722222222222221,-0.3062262938074084
38.88447818062799,89656.38224225237,43161.726682168526,-0.16863233233496658,0.02668647371797581,9.672202431397423,-6.307418999661575
39.67680363096668,89657.16521481633,43161.60720898273,-0.12662932105733635,0.0981899873027168,8.633405415350397,-12.000000000000002
40.47034110865855,89657.95452494883,43161.546958066894,-0.04238970775593844,0.005547414675000007,7.449214025734303,-12.000000000000002
41.25916555869595,89658.74434068915,43161.5636772128,0.14708350651128524,0.32823652399790854,6.046404121484038,-3.4645934498627122
42.054589156726735,89659.51838953825,43161.7383727517,0.24275963218262434,-0.08178700327391059,6.671824246831374,-3.293340846654874
42.84306287293584,89660.28241430796,43161.94307510179,0.39537053583014103,0.4593059632747195,5.111396615066453,-3.2936923041265094
43.63841935097652,89660.9774825927,43162.3264407418,0.5410799854896645,-0.08309024710086352,5.837802680539966,-0.5125083891554839
44.428399574189,89661.6598650831,43162.73338539298,0.6250794666308881,0.4897683586329056,4.9498867298612135,-0.5167117351703485
45.2225481372569,89662.20931984641,43163.300598421956,0.8639211192223946,-0.028329797528704577,5.69586378604116,5.000000000000004
46.013228457155826,89662.7280586412,43163.899007407446,0.8532008821868012,0.0014503055705178984,6.352138810520784,5.000000000000004
46.80504342603493,89663.24597964148,43164.49696592428,0.8617290699953213,0.008331651541100618,6.947504383367845,5.000000000000003
47.5973144092626,89663.7611477093,43165.0987546367,0.8616263300128157,-0.008581477520158072,7.496034084046855,4.999999999999996
48.38910099765738,89664.27910269659,43165.69787779309,0.856911275517102,0.008011613607948335,8.006771688585852,4.999999999999996
49.181764789172476,89664.79314567057,43166.300467981906,0.8765856729508755,0.04159199147004941,8.487345332216128,4.676381385177299
49.97374034688129,89665.30100467458,43166.90912170418,0.8564877734713002,-0.09283937487056834,8.884207830921127,-3.8281370344007084
50.766564454117756,89665.85034011799,43167.47854221007,0.7406807555703561,-0.15658427071413886,7.739597548278927,-12.000000000000002
51.55852251016323,89666.48369306172,43167.952255576165,0.5988260950845431,0.2934388764459984,6.394871137422068,-3.4958304583307447
52.35125791272737,89667.16389454398,43168.35626881366,0.4362448604557623,-0.23987616086796484,6.987254889430843,2.0177473598747273
53.14340789130606,89667.90707418408,43168.63130813483,0.28634839047220817,-0.11904487031997515,6.876785110154586,-6.480395887794646
53.934708617878854,89668.66873859083,43168.848727070814,0.2528706846996273,-0.424043911523689,5.319676307210504,-3.480636593542731
54.72962281790486,89669.45766612535,43168.90344502471,-0.0697373146539783,-0.23159930925814287,6.020639335963986,-0.3109975991775159
55.51979925511832,89670.24392735676,43168.81987864369,-0.08562729130500585,0.1943747634390316,5.2261876399701075,-8.833591568276532
56.313305710336344,89671.03156752707,43168.78087097702,-0.44050177244569266,-1.451223941923013,2.875566435146958,-3.49212096023459
57.10828460546521,89671.78623969968,43168.53840832972,-0.26988412877917783,-0.3220441075284903,4.027241149252479,5.000000000000001
57.9047549917644,89672.49281089028,43168.1910445132,-0.6032656166400197,-0.10993767660593899,4.917659518228599,5.0
58.69761125641168,89673.14372261688,43167.73987220054,-0.6060049650063695,-0.009078540612673875,5.666739607895988,1.788756613698278
59.4893454666027,89673.7811128768,43167.26238832949,-0.7371143578293581,-0.40197950087352724,5.463722954265246,1.790562612781458
60.28309340433766,89674.266994383,43166.64154049712,-0.9874935235758785,0.03382146375705879,6.147336650803711,4.999999999999997
61.074204552741755,89674.69867678647,43165.97779836215,-1.0209724192249805,-0.11862194314933149,6.760241074278009,4.999999999999997
61.86665119582924,89675.0789470484,43165.283199548736,-1.116396389155608,-0.11068583969927372,7.322931504065183,4.999999999999997
62.65867038724548,89675.40455327716,43164.561240503754,-1.1621605017200372,0.002060877646024383,7.845095138198945,4.999999999999996
63.450649958654786,89675.72370516586,43163.83640793234,-1.1507341037554362,0.008237575969753769,8.334585379098698,4.999999999999997
64.2426313114667,89676.04752361779,43163.113651399704,-1.1504639121851898,-0.005744802370075578,8.796881661680171,5.0
65.03461040319047,89676.36951548581,43162.390081359845,-1.1531107381797814,-0.0009392586938263171,9.236066147816539,4.999999999999996
65.82660530364828,89676.69099247252,43161.666283051134,-1.1518168909031872,0.002651988080588931,9.655302527182704,2.9094698277851503
66.61852218041712,89677.01230739184,43160.94241741284,-1.1564977962178944,-0.012628827735804465,9.722222222222221,0.4093592690311727
67.41046836105488,89677.33023896204,43160.21714121579,-1.1549984759768581,0.01641377525357889,9.722222222222221,-1.3912775804880158
68.20297297570885,89677.65751969436,43159.49574346155,-1.1337942349110202,0.004493878177797544,9.492775316024288,-7.389590515944255
68.99506611364866,89677.97751653421,43158.77125325366,-1.1988625337522514,-0.16877032337252862,8.432232675274351,-8.554665639050649
69.78678245658071,89678.19893166942,43158.01180737243,-1.387983355180164,-0.1904312664984318,7.938190102969672,-3.8902113813235686
70.57872340624074,89678.33374845119,43157.23124003012,-1.4070879933819904,-0.19673686738740923,7.666878415786238,-7.344993981205213
71.3735414493466,89678.37115874731,43156.4396534916,-1.6443121109107328,-0.3022259575853155,6.301221437777614,-5.568346698439213
72.16594708448751,89678.23583500349,43155.65985506326,-1.7898205385537076,0.04278127341773495,6.411287014753666,-5.551018886316545
72.95650040527391,89678.07916879855,43154.8826771813,-1.8422766962989223,-0.5422179605146881,4.704393849017676,-3.4760130836403125
73.75152822042375,89677.76287613952,43154.158069568075,-2.073609102460383,-0.15016472904017772,5.48466951038745,5.0
74.543757576205,89677.3560223266,43153.4756003362,-2.1341946386325406,-0.0865039932106501,6.164729774774087,3.7094011245887217
75.33848582537553,89676.9008187227,43152.8278055106,-2.2490230823510564,-0.28670461610862946,6.46953818190597,3.7113472298690113
76.13311178220104,89676.30683520035,43152.30654986888,-2.469383840125386,0.08223778496756068,7.056995384396559,4.999999999999997
76.92310559855505,89675.68461096966,43151.81544683765,-2.514440389392034,-0.1977585665135155,7.596125460979068,4.999999999999997
77.71578014712479,89675.00513350494,43151.41161661743,-2.669230149705466,-0.06876985129675096,8.101102857304788,4.999999999999996
78.5075027141742,89674.29337698406,43151.064308103414,-2.6971395445116952,-0.0015590144730768605,8.57584358387709,4.999999999999991
79.29949306778629,89673.57990893755,43150.720819802016,-2.688410845447105,0.0076594532668891385,9.025796181570175,4.999999999999991
80.09152504189505,89672.86828916606,43150.373079169396,-2.6873838581423897,-0.005065144680351016,9.454380807452935,4.121396483676236
80.88349599964914,89672.15591508591,43150.02703569684,-2.6900364738455202,0.0028646225171498527,9.722222222222221,1.62137948808863
81.67545049662994,89671.44323691486,43149.68149196273,-2.698081967904376,-0.051989855495139896,9.722222222222221,0.0
82.46754350912758,89670.71991122377,43149.35920157997,-2.739362763275925,-0.013576988343498448,9.722222222222221,0.0
83.25949693468813,89669.9919191525,43149.0472124972,-2.732752348304306,0.0038341606100878345,9.722222222222221,0.0
84.05147386012676,89669.26505317552,43148.732781861,-2.734416129306217,-0.0022243135571179628,9.722222222222221,0.0
84.84346257410918,89668.53764967056,43148.4195323041,-2.735148938287937,0.00037368760330465974,9.722222222222221,0.0
85.63543999438097,89667.81029986123,43148.10616542146,-2.734493928941534,0.00013465836616531794,9.722222222222221,0.0
86.42741921078002,89667.08301411677,43147.79266141497,-2.734726135820164,-0.00023791684249868365,9.722222222222221,0.0
87.21939882676595,89666.35566991921,43147.47928922191,-2.7348003101397844,3.8315849810241574e-05,9.722222222222221,0.0
88.01137780147344,89665.62832878734,43147.16591073536,-2.7347345376388175,0.00012778073654975,9.722222222222221,0.0
88.80335635323111,89664.90101930448,43146.852460320915,-2.7346192948665005,2.2743512198718442e-05,9.722222222222221,0.0
89.59533729122424,89664.17370469893,43146.53901959116,-2.734794737908615,6.108033970687686e-05,9.722222222222221,0.0
90.38731073121492,89663.4464813344,43146.22537091147,-2.7337300413056123,0.0007126059506635298,9.722222222222221,0.0
91.17932304374064,89662.71904251215,43145.912188267735,-2.736480458639617,0.0007678450878960616,9.722222222222221,-1.3787162208059498
91.97126213187175,89661.99204284695,43145.59801156894,-2.728373996361962,0.019706120222304065,9.494944231545746,-7.380551469519009
92.76380862036798,89661.27215656804,43145.26793076893,-2.681155755662827,0.11740046504154955,8.434029300177606,-12.000000000000002
93.55654792657043,89660.59094965391,43144.86513563272,-2.515372431439936,0.23029488138599255,7.218525257100343,-3.5396717942594327
94.34875781154953,89659.98540200744,43144.35467323717,-2.3916594774658066,0.03179708747499956,7.740313323214706,-3.53685378107395
95.14096936984316,89659.43525280795,43143.78592360015,-2.2354660029324718,0.29340303130989814,6.395261757151772,-3.502044842355358
95.9327998556351,89658.99666922154,43143.12661584923,-2.1095403782165514,0.06419933486040091,6.986964848946022,-3.412318018957749
96.7241688470663,89658.61165460682,43142.434933989425,-1.983174330806866,0.39874246283406195,5.4858556976119965,-3.410343433579515
97.51637103736272,89658.37052512179,43141.68024254069,-1.8179533982912388,0.09870014744696164,6.16576310264887,4.999999999999997
98.30822934275551,89658.1953220732,43140.90803181357,-1.7849210307184833,-0.01538705607563611,6.777552485367719,4.999999999999997
99.10022556993981,89658.02299770684,43140.1350799198,-1.7941248674380141,-0.006847251663960457,7.338608857525869,5.0
99.8922563913103,89657.84646231376,43139.36297930122,-1.7957653578723431,0.002704067632802064,7.859738429328423,5.0
100.68423703288865,89657.67097000638,43138.5906633474,-1.7928648768867255,0.0026035363999108944,8.348370774782676,5.0
101.47620236708245,89657.49706650393,43137.81802231207,-1.791852574751859,-4.720971430462049e-05,8.809934615829084,5.0
102.26817877086943,89657.32320319676,43137.04537203791,-1.7924851870881544,-0.0007546270689077836,9.248497822514384,4.999999999999996
103.06016130153516,89657.14889899558,43136.27281092886,-1.792829420801447,-0.00011467987239650166,9.667188695774518,2.836838828923578
103.85214132693545,89656.97452380983,43135.50026405631,-1.7926776870858703,0.00034919449997028245,9.722222222222221,0.33683568334601494
104.64412005549059,89656.80029350384,43134.72768768785,-1.7925957499145575,-0.00014227830792472532,9.722222222222221,0.0
105.43610050332265,89656.62600910176,43133.955122200365,-1.7926982387455823,0.00018689506129238235,9.722222222222221,0.0
106.22807286834512,89656.45184420902,43133.18253293178,-1.7922754112268497,0.00037764170165408695,9.722222222222221,0.0
107.02005727060254,89656.27773101271,43132.4099337134,-1.7929597715958434,-0.002105814123919538,9.722222222222221,0.0
107.81206419658427,89656.10254563815,43131.637550954896,-1.7941779316138624,0.0014327452485564875,9.722222222222221,0.0
108.60399579764281,89655.92830711426,43130.86497864186,-1.7900578788100665,0.008972874158127276,9.722222222222221,0.0
109.39588030279948,89655.75810745796,43130.09159547429,-1.7872131415205996,-0.006692176396693519,9.722222222222221,-1.578293232041193
110.18802799682153,89655.58376624122,43129.31905327302,-1.8011726808175463,-0.02854635731165508,9.461578638878049,-7.5792060883077585
110.98059679691983,89655.39150422782,43128.55030592227,-1.8350158322592318,-0.061492450724146275,8.396417041650226,-11.999999999999991
111.77273189218128,89655.16194738359,43127.792152062524,-1.9000360075304357,-0.10266358242329861,7.1755541145642106,-11.999999999999993
112.56540897230671,89654.87310913076,43127.054407079646,-1.9891667417658283,-0.11585507798274121,5.697747531088849,-11.999999999999998
113.35002957454603,89654.52182278229,43126.3452068399,-2.138958959384917,-0.8801891983279786,3.6923478268285503,-3.427388466089649
114.14817097405142,89653.97569271858,43125.76914637877,-2.3666226669602697,0.2777715114410184,4.649176966876986,5.000000000000003
114.94393882152531,89653.43825743893,43125.18663400956,-2.320178209111922,-0.0994421431181007,5.438062609429789,4.999999999999999
115.73796536025276,89652.86490535746,43124.63482905114,-2.446630062376487,-0.2210362535195823,6.1247685941064605,4.999999999999997
116.53062529925306,89652.20917860593,43124.19317110311,-2.6511732551664586,-0.1900920893358868,6.740874551670268,5.0
117.32198040717883,89651.49616360488,43123.84926200208,-2.707086003349222,0.022137484228700245,7.304309741557618,-0.8998005848127172
118.11576504373569,89650.78602510509,43123.495849632796,-2.672157890159487,-0.28177764812951606,6.525853996463998,-1.255657347408866
118.90689464267824,89650.02620798758,43123.29550763698,-3.0540692883666765,-0.24304918624849378,7.026572592023656,4.644952058129335
119.70054254685739,89649.23416661214,43123.25493813871,-3.0692498567899356,0.1377826218264062,7.57028410515547,-3.1337498317046584
120.49087315699684,89648.44420233066,43123.200406808326,-3.1344867250945634,-0.3042200061781259,6.280536409068783,-3.1312773699073597
121.28500269846202,89647.65530318218,43123.27097658034,2.979879686337549,-0.1247068727962232,6.8837804294072615,4.999999999999997
122.07699382552138,89646.87677194946,43123.416993494335,2.948010773124068,-0.01530951672245921,7.436823533665703,4.999999999999997
122.86906072795924,89646.10080244474,43123.57595609816,2.9286334546305723,-0.03363355482935027,7.951541567222205,5.000000000000003
123.66103467979057,89645.32845097035,43123.75120330657,2.9128617964554073,-0.002358774035292778,8.434853455370517,4.999999999999997
124.45301511526532,89644.55704421223,43123.93053724888,2.9133037245048437,-0.0006288047747602418,8.891937762283503,4.999999999999996
125.24499402360475,89643.78571173025,43124.110198877985,2.9120815351426437,-0.0015963643409994852,9.326647106635784,4.878618905199416
126.03697238578269,89643.01458972374,43124.29075468689,2.911351273104925,0.00020699779420196908,9.722222222222221,2.37861177735949
126.82895546663579,89642.2434353795,43124.47118146083,2.9123649705760917,0.0005875220197398157,9.722222222222221,0.0
127.62092983848476,89641.47236150458,43124.65194830126,2.9089854465476948,-0.009122050549845766,9.722222222222221,0.0
128.4129037488163,89640.7021029282,43124.83613228254,2.907443910523251,0.008570969708128807,9.722222222222221,0.0
129.2049746688204,89639.93059337963,43125.01508184891,2.9227439312703862,0.030058908338508307,9.722222222222221,0.0
129.99700152475657,89639.15683414822,43125.18461837495,2.9182835236040927,-0.04668510204791415,9.722222222222221,-2.8393490002710275
130.79029273878433,89638.38987445197,43125.382646390906,2.8485280911040745,-0.14031959267861285,9.247651722688534,-6.585272000815082
131.5831793957928,89637.65783924103,43125.681818069635,2.66140366406475,-0.052818799122853886,8.58083792489853,-9.746959020751868
132.37503907567051,89636.96904539206,43126.07288045735,2.5637588481642912,-0.21967502048549617,7.390950356774945,-3.5416901593972265
133.1659414223276,89636.3457040235,43126.56209445311,2.4663715331243803,-0.1922476946819382,7.900599604162023,4.963523612066969
133.96094908696008,89635.79104345306,43127.12335762958,2.2520504463922775,-0.1627684444448188,8.388656075415778,4.999999999999996
134.752909060422,89635.31011563225,43127.75666782306,2.213584914396977,0.0051844166320781145,8.848115646070033,5.0
135.54489827159296,89634.83602071222,43128.390289482566,2.2116630414387344,-0.0031860674188538243,9.284882476258854,5.000000000000004
136.336971480959,89634.36275122398,43129.02560117212,2.211039396935374,0.00074013385872293,9.702050025205969,2.623863901223028
137.128929047057,89633.88962742598,43129.66068333401,2.210928294442797,-0.00048254258139554795,9.722222222222221,0.1236871180243069
137.92092886039867,89633.41665410159,43130.29593592472,2.2107232570362085,-3.529043176180511e-05,9.722222222222221,0.0
138.71290201547112,89632.94373643983,43130.93122017,2.210697606152758,-7.985354480435511e-05,9.722222222222221,0.0
139.50488198031246,89632.47085967277,43131.56652622592,2.21062003178594,-7.992144987212705e-05,9.722222222222221,0.0
140.2968612605528,89631.99802036634,43132.20186524941,2.2105754397623127,-4.714927185281949e-05,9.722222222222221,0.0
141.0888400529839,89631.52520683366,43132.83722165325,2.210536327586906,-4.967391245089589e-05,9.722222222222221,0.0
141.88081925136822,89631.05241722535,43133.472596172505,2.210501779285958,-3.757160523137043e-05,9.722222222222221,0.0
142.6727983853245,89630.57964645055,43134.107984909286,2.2104763020287024,-3.11830251496917e-05,9.722222222222221,0.0
143.46477744059143,89630.10689241435,43134.74338595015,2.210446432558832,-4.42469169258722e-05,9.722222222222221,0.0
144.25675653432546,89629.63416007806,43135.37880313254,2.2104097723143488,-4.540619380800135e-05,9.722222222222221,0.0
145.0487356215598,89629.16145057623,43136.01423732261,2.210374754606811,-4.3405361614145144e-05,9.722222222222221,0.0
145.8407147080924,89628.68876291376,43136.64968775026,2.21034128809689,-3.852396364524836e-05,9.722222222222221,0.0
146.6326937961641,89628.21609428318,43137.285152336786,2.2103161268786358,-2.5016144152139524e-05,9.722222222222221,0.0
147.42467288340652,89627.74343888355,43137.92062676469,2.21029684668653,-3.087142828370357e-05,9.722222222222221,0.0
148.2166519707654,89627.2707989482,43138.55611269378,2.210267659455445,-3.653446141234703e-05,9.722222222222221,0.0
149.00863105813232,89626.79817706492,43139.19161204885,2.210241892714509,-2.8734155782488583e-05,9.722222222222221,0.0
149.80061014547985,89626.32556968703,43139.82712219129,2.210221880591223,-2.1802843503139016e-05,9.722222222222221,0.0
150.5925892328365,89625.8529735929,43140.46264072493,2.2102053057791253,-2.2137390308113657e-05,9.722222222222221,0.0
151.38456832016885,89625.38038862614,43141.09816753315,2.2101869265181917,-2.2398896456637883e-05,9.722222222222221,0.0
152.17654740751166,89624.90781476746,43141.733702601305,2.21017107607818,-1.7628524130311863e-05,9.722222222222221,0.0
152.96852649484916,89624.4352500103,43142.369244437104,2.2101578878181054,-1.577356310457116e-05,9.722222222222221,0.0
153.76050558217364,89623.96269318723,43143.00479217233,2.210146146387314,-1.370077779519974e-05,9.722222222222221,0.0
154.55248466951542,89623.4901432502,43143.64034502754,2.210136273129226,-1.1232350480970918e-05,9.722222222222221,0.0
155.34446375687133,89623.01759898398,43144.27590209914,2.2101280774165866,-1.1172975881633689e-05,9.722222222222221,0.0
156.13644284415062,89622.54506058963,43144.91146353647,2.2101169277015686,-1.673936154199608e-05,9.722222222222221,0.0
156.92842193151918,89622.07252974444,43145.54703058649,2.2101057953772503,-1.1373310865806303e-05,9.722222222222221,0.0
157.72040101906003,89621.60000461913,43146.182601889304,2.210098954629139,-5.816799485479476e-06,9.722222222222221,0.0
158.51238010571197,89621.12748241937,43146.81817536679,2.210096608905167,-1.0690231116692353e-07,9.722222222222221,0.0
159.3043591947159,89620.65496234194,43147.453750422115,2.2100889606870386,-1.9361872895418646e-05,9.722222222222221,0.0
160.0963382834874,89620.18245003604,43148.08933125895,2.2100760073105934,-1.1286687871421304e-05,9.722222222222221,0.0
160.88831735788833,89619.70994340886,43148.7249163071,2.210071287426021,5.78436513508238e-07,9.722222222222221,0.0
161.68029647307344,89619.23743621323,43149.360500939765,2.21007858862766,1.7859426647413907e-05,9.722222222222221,0.0
162.4722754028334,89618.76492209702,43149.99608040293,2.2100890413998515,5.995342414386379e-06,9.722222222222221,0.0
163.2642548619394,89618.29240509073,43150.631657721235,2.210087289816574,-1.0418635668420788e-05,9.722222222222221,0.0
164.05623371965777,89617.81989004707,43151.267237092805,2.2100880650401287,1.6198211814484368e-05,9.722222222222221,0.0
164.8482112364972,89617.34737102075,43151.90281075824,2.210089756346871,-5.4907868477455914e-05,9.722222222222221,0.0
165.64019796408377,89616.87487509107,43152.53840878892,2.2100203456124325,4.2780308528695566e-05,9.722222222222221,0.0
166.4321463803976,89616.40236051533,43153.17397072637,2.2101461977609715,-0.0003612681033579338,9.722222222222221,0.0
167.22427058023968,89615.9300446511,43153.80975099184,2.209171874347045,-0.0009037329924666796,9.722222222222221,0.0
168.01618827390573,89615.45794201379,43154.44575603504,2.210056087547595,0.0031380493394129244,9.722222222222221,0.0
168.80767256384038,89614.98476425846,43155.08037964336,2.2118289108097677,-0.005530099623333309,9.722222222222221,-1.759135505168263
169.60147052950444,89614.51428357676,43155.71795501122,2.197811022455596,-0.038482402437990025,9.431020747257305,-7.750733454656725
170.39308717940847,89614.07021101889,43156.37497589235,2.1149102737819128,-0.1715625060185911,8.36333382913184,-7.505633153201996
171.18636751322114,89613.71608076309,43157.08211512039,1.9549498826013965,-0.1841822965373238,8.071731019081959,0.9898282000404395
171.97971676362556,89613.4669719209,43157.835575416015,1.8316393120619567,-0.1472983875804944,8.54905457629404,-1.2433346373003151
172.77238759861223,89613.31403704543,43158.61238875393,1.6913135327555173,-0.19604981121010176,7.82361388548594,-1.8973569659234624
173.56564805530857,89613.27814600052,43159.40421404188,1.543141542878028,-0.1789224078228958,8.18951638260481,4.346166109653452
174.3579280896996,89613.35128334179,43160.19276978734,1.422173341831039,-0.11844346855345646,8.65973319016602,-3.129026120245655
175.1520287744754,89613.520604129,43160.966264914634,1.2738905376265284,-0.21000857036066653,7.559135212912804,-3.095533792787541
175.95087188226958,89613.81188440767,43161.707055116734,1.1241041702283492,-0.16744745977931166,8.070251312384269,-2.8301037046070956
176.74618391386835,89614.20048338023,43162.40366140734,1.004099663507329,-0.1350846541799839,6.936661764542762,-11.350629285105141
177.549195383304,89614.65128444368,43163.06253942208,0.9171120214084194,-0.4160166238026582,5.370754245840492,-3.543127233229726
178.34409936189164,89615.2383611979,43163.587571914184,0.7716564278800631,0.22658847717355943,6.065809175624464,-2.2101662601969316
179.1285988661162,89615.84862652827,43164.09075036433,0.6265599487185612,-0.18003687808157526,4.675843516555665,-10.73973876357172
179.8903897757192,89616.57292796555,43164.44112402914,0.6557554561497653,3.3514584293567555,1.8922290455553916,-2.868032468883816
180.77455616414045,89617.2407992243,43164.8035373432,0.11381513277469464,-0.2980024573436884,3.524513391243671,4.999999999999999
181.5612447648269,89618.07841759619,43164.91315537763,0.18048638032279818,0.03562158626200072,4.504340201618941,4.999999999999998
182.34672617304426,89618.84223637589,43165.02150538253,0.04950748580248169,-0.35174047431535255,5.305081972419848,4.999999999999997
183.13917151856515,89619.63310369618,43164.98506978234,-0.09692467158617746,-0.15265599972559496,6.005692981605283,4.999999999999999
183.93199888458915,89620.4120430909,43164.84560965673,-0.2581936238395633,-0.1780329857030393,6.632994938151464,5.0
184.72504302277767,89621.16318104797,43164.59363095969,-0.38677676124096605,-0.15421070035247622,7.206043521338748,5.0
185.51766652316962,89621.87774987885,43164.250532252336,-0.512807646845263,-0.18669975080870488,7.736491338801311,4.001056120843122
186.3103964988152,89622.53330290112,43163.80762177905,-0.6749996368499098,-0.18572045075714472,8.038236105603517,4.002166389525012
187.10478398901037,89623.11918700553,43163.272449867836,-0.7997176455865905,-0.15067356830212028,8.518046406974994,-0.3040021536724321
187.89650227647167,89623.63367328396,43162.66960349984,-0.9339307919940635,-0.18853434494532786,7.978024852349627,-0.3090184213186375
188.68939112219726,89624.0618090886,43162.00397059792,-1.0463095101586763,-0.06868728678245754,8.460364590368684,5.000000000000003
189.4811886006419,89624.45181281811,43161.313992800846,-1.057150373778524,0.0008411542789704337,8.916038570262616,5.000000000000009
190.2732001845297,89624.8403811143,43160.62405232085,-1.0588212972459339,-0.0015908477870397962,9.349644893004696,4.743013844194891
191.0651878936496,89625.22824226253,43159.93348394018,-1.0589635168698555,0.00038498348025188723,9.722222222222221,2.243024459775127
191.85716537091363,89625.61613161216,43159.24300836743,-1.0590526637108726,-0.00024306691988194523,9.722222222222221,0.0
192.64914520564753,89626.0039291661,43158.55246582285,-1.0591119923192762,3.0876046975985283e-05,9.722222222222221,0.0
193.4411244766057,89626.39172092808,43157.86192423269,-1.0591107012013152,-7.302227417480975e-06,9.722222222222221,0.0
194.23310353681293,89626.77950999323,43157.17138036204,-1.0591149773117248,-1.3254180628847682e-06,9.722222222222221,0.0
195.02508259684103,89627.1672981594,43156.480836303366,-1.0591135212179656,-1.6545179301668926e-06,9.722222222222221,0.0
195.81706171309182,89627.55508480383,43155.79029129145,-1.0591221273653615,-2.0078751037092546e-05,9.722222222222221,0.0
196.60904079457944,89627.94286170386,43155.0997408112,-1.0591377673142253,-1.1688114533998443e-05,9.722222222222221,0.0
197.40101988293213,89628.33063188512,43154.40918657302,-1.0591423050933562,-4.618855830001534e-06,9.722222222222221,0.0
198.19299897037058,89628.71839936444,43153.7186308123,-1.0591469532800637,-8.994542292271835e-06,9.722222222222221,0.0
198.9849780574676,89629.10616181066,43153.02807222715,-1.059157340782431,-1.4876278632195825e-05,9.722222222222221,0.0
199.77695714484457,89629.49391749111,43152.33750984251,-1.0591637433281547,-1.2921930647943936e-06,9.722222222222221,0.0
200.56893623257167,89629.88166756702,43151.646944310894,-1.0591819224142465,-4.1166339829517755e-05,9.722222222222221,0.0
201.36091531922912,89630.26940057427,43150.95636919536,-1.0592026678924233,-1.1222614690451534e-05,9.722222222222221,0.0
202.15289440402435,89630.657126074,43150.26578986736,-1.0592072913949095,-5.768107509958535e-06,9.722222222222221,0.0
202.94487349444663,89631.0448483907,43149.57520875024,-1.0592123877173256,-7.101733321651066e-06,9.722222222222221,0.0
203.73685259104516,89631.43256681842,43148.88462544038,-1.0592186064995899,-8.724741038131574e-06,9.722222222222221,0.0
204.52883166212396,89631.82028046687,43148.19403945679,-1.0592262426055388,-1.0558864334057461e-05,9.722222222222221,0.0
205.3208107520125,89632.20798829263,43147.50345023038,-1.0592355377402367,-1.307079443859485e-05,9.722222222222221,0.0
206.11278988654573,89632.59568868428,43146.81285672381,-1.0592496027366032,-2.8053154993123676e-05,9.722222222222221,0.0
206.90476866607395,89632.98337463236,43146.12225545821,-1.059270718721882,4.37945374330809e-06,9.722222222222221,0.0
207.69674906010374,89633.37106291659,43145.43165448602,-1.0592555561065724,-9.195692995404419e-05,9.722222222222221,0.0
208.48872220758182,89633.75869201732,43144.74102380383,-1.0594214980543497,9.966649605909413e-05,9.722222222222221,0.0
209.2807214661269,89634.14642375708,43144.05044410383,-1.0588032963078875,0.0010917327641430097,9.722222222222221,0.0
210.07269154885168,89634.53438765243,43143.35997972214,-1.0594406175396172,-0.0027013673747246763,9.722222222222221,0.0
210.8645487279145,89634.92095262493,43142.66882985213,-1.0620636241313226,-0.0015137656624222358,9.722222222222221,0.0
211.65644965024552,89635.3067657868,43141.9773132884,-1.0609445846216974,0.004339559144600462,9.722222222222221,0.0
212.44860223244436,89635.69502321312,43141.28700146907,-1.0551923565866281,0.010182902139963878,9.722222222222221,0.0
213.2409209774475,89636.08976682676,43140.60001529711,-1.037524461781673,0.05569606636908806,9.722222222222221,-3.5173039386222387
214.03366239218104,89636.51541873842,43139.932159709286,-0.9572242380955192,0.14386658049706688,9.13079012203662,-9.517154790922959
214.8269073368111,89637.01142818981,43139.313876891276,-0.8265082384403358,0.1865281603590486,8.02081352367452,-7.384126857823546
215.62126823057432,89637.5925750432,43138.77437925636,-0.6686234117332082,0.2002497701002957,7.741134440819837,-1.4240281582300958
216.41456538259803,89638.25210070697,43138.333668206214,-0.5092692389379303,0.20062960896435275,7.733803078426407,2.4629760665062603
217.20706799166007,89638.97076341514,43138.00054197753,-0.36308354583207997,0.1686202778087913,8.230233055418186,4.999999999999991
218.00045082760852,89639.72693217365,43137.764092729725,-0.25031159777020684,0.11475566987815965,8.698882945871995,-2.614920346292256
218.79277392978048,89640.50240436077,43137.59726499466,-0.1805051132840975,0.061678683720999605,7.709977088477185,-11.124187676728315
219.59265076410247,89641.2935833881,43137.54052501005,0.07380300180482638,0.298161071605766,6.344028899769871,-9.407302766233997
220.43556833410412,89642.0707873905,43137.64254626707,0.0814842223504551,-0.42053297062741757,5.341836577109801,-6.806689349819907
221.32383458048596,89643.02391850385,43137.66829388879,0.1422931860027765,0.7194485373722229,4.0840472316072844,-5.779067152751041
222.10815342569242,89643.54810119992,43138.12646599707,0.6940942503098528,-1.3038865208731218,3.033686682996457,0.179431602878389
222.91279402359032,89644.27229032913,43138.457367362134,0.4097863834770562,0.5407765794192843,4.15327110475214,5.000000000000001
223.71155582932536,89644.90535638902,43138.93240922075,0.8095024389362454,0.2231044464421005,5.023671857010513,4.999999999999999
224.51820022487624,89645.45369627932,43139.50634686741,0.717687521032785,-0.1626352203424945,5.770937781888505,4.210331733203574
225.3093301942738,89645.91391689783,43140.13970679366,1.0612102586777434,-0.31014484445741164,6.220257161034633,4.204894407485304
226.10504821761913,89646.32221500734,43140.81997003115,1.0735897494290987,0.20332686623521326,6.829991170042311,0.4771179464280436
226.8971688715787,89646.63413804605,43141.54878209984,1.2718699253096504,0.29845718670220883,6.340880996151254,0.4658674971209925
227.6889470236178,89646.79328513522,43142.323867259955,1.4400747334713018,0.14017772241205667,6.93718626877951,5.000000000000004
228.48307556383662,89646.86131674192,43143.11370376091,1.5229026704332096,0.10698450687854968,7.487712516512049,1.8474590369318624
229.27478548226958,89646.85372197912,43143.906012148815,1.6531412442702462,0.2222876879599086,7.347387053289328,0.9317998809011501
230.06914235781866,89646.71787416984,43144.68628233689,1.8288544926314878,0.20331528468573498,7.682553770029773,4.08476100681926
230.86236690012223,89646.45764745439,43145.435563541294,1.9766430519935099,0.1679255344779313,8.18253492827463,4.999999999999991
231.65518236072765,89646.10043663248,43146.14320672755,2.095012825424298,0.13108066547588262,8.653440498350268,4.999999999999991
232.44724941412528,89645.67290306718,43146.80995143383,2.1807737260039985,0.08485527159485971,9.099599056687323,4.999999999999996
233.23931932500776,89645.20349456735,43147.44778833981,2.219371534372113,0.009217662416964695,9.524883311688892,3.699055595809122
234.03128912943583,89644.7269623375,43148.080412816154,2.2123064272721806,-0.006286652216284646,9.722222222222221,1.1989712236903263
234.823261775808,89644.25338122998,43148.71517785134,2.2127950251134423,0.0036354706958219717,9.722222222222221,0.0
235.61524637142642,89643.77859257092,43149.34906317628,2.213967674073699,-0.0006740569337892898,9.722222222222221,0.0
236.40722406785017,89643.3038294421,43149.98296612984,2.2134038489228396,-0.0002009037620160238,9.722222222222221,0.0
237.199203072177,89642.82918241098,43150.61695304289,2.2135403089597934,0.0001975975693346148,9.722222222222221,0.0
237.99118244512516,89642.35444997853,43151.2508777104,2.2135789129174155,-8.423172513869517e-05,9.722222222222221,0.0
238.7831614165367,89641.87973266075,43151.88481334107,2.2135423065313127,-8.211015648258322e-06,9.722222222222221,0.0
239.57514051139592,89641.40502144424,43152.518753432094,2.2135516993970348,1.1904106731910263e-05,9.722222222222221,0.0
240.36711961190895,89640.93030453398,43153.152689365794,2.2135567784139902,1.626030438254465e-06,9.722222222222221,0.0
241.1590986927187,89640.45558649127,43153.7866244187,2.2135560865958848,-3.373092067404634e-06,9.722222222222221,0.0
241.95107778204178,89639.98086866298,43154.42055963325,2.2135585612717366,9.952786430181053e-06,9.722222222222221,0.0
242.74305686953272,89639.50614597353,43155.05449121102,2.2135703962023423,1.536736164401972e-05,9.722222222222221,0.0
243.53503595650636,89639.03141583226,43155.688417205994,2.2135806728357257,1.1092842468012618e-05,9.722222222222221,0.0
244.3270150440063,89638.55667954888,43156.32233860174,2.213590865040213,1.4645727284152308e-05,9.722222222222221,0.0
245.11899413131772,89638.08193597551,43156.95625453815,2.213603378929089,1.6145084391161508e-05,9.722222222222221,0.0
245.91097321865473,89637.6071843141,43157.590164417146,2.21361623007229,1.649407935269589e-05,9.722222222222221,0.0
246.70295230601423,89637.1324235308,43158.224067464515,2.213633557900662,2.7264218436360585e-05,9.722222222222221,0.0
247.49493139335337,89636.65764921745,43158.85796037828,2.213657857423006,2.980888814123053e-05,9.722222222222221,0.0
248.286910480739,89636.18286013084,43159.49184222692,2.213679209695054,2.6892700930884057e-05,9.722222222222221,0.0
249.07888956808213,89635.70805684126,43160.125713437024,2.21370465064411,3.735381633975656e-05,9.722222222222221,0.0
249.87086865546434,89635.23323529909,43160.75957097455,2.2137354121896293,3.842460248227242e-05,9.722222222222221,0.0
250.66284774282497,89634.7583947233,43161.39341425357,2.2137633281675195,2.852633425089831e-05,9.722222222222221,0.0
251.45482683017195,89634.283539914,43162.02724686942,2.213779607794693,1.2584920918694522e-05,9.722222222222221,0.0
252.2468059173789,89633.80867728236,43162.6610736247,2.213791556961478,2.1034240355850303e-05,9.722222222222221,0.0
253.0387850048817,89633.33380408533,43163.294892464306,2.213813149339489,3.34934065224732e-05,9.722222222222221,0.0
253.83076409333748,89632.85891411458,43163.928698737116,2.2138440233847003,4.128625950311092e-05,9.722222222222221,0.0
254.62274317969454,89632.38400381249,43164.56248977553,2.2138758256390743,3.902458436624347e-05,9.722222222222221,0.0
255.4147222638328,89631.90907246836,43165.196265042,2.2139164197955727,7.780296837190324e-05,9.722222222222221,0.0
256.2067013634874,89631.43410184603,43165.83001087948,2.214002098256318,0.00013856249022232303,9.722222222222221,0.0
256.9986804260409,89630.9590662539,43166.46370802247,2.2141134663413546,0.00014066280796308676,9.722222222222221,0.0
257.7906594901045,89630.48396102859,43167.09735289078,2.2142197913576753,0.00012578488972879676,9.722222222222221,0.0
258.58263882822615,89630.00879234418,43167.73095037492,2.2143166678144914,0.00014499134174924364,9.722222222222221,0.0
259.3746176099215,89629.53354697129,43168.36449029258,2.2144756077494936,0.0002563829768987039,9.722222222222221,0.0
260.1665961601444,89629.05818230669,43168.99793971274,2.2146645022844837,0.0001634963927561584,9.722222222222221,0.0
260.958577971721,89628.58273279497,43169.63132776019,2.2147800763116483,0.0006930040444699094,9.722222222222221,0.0
261.750547433869,89628.10684921175,43170.264382545676,2.2159144036059413,-0.0006290592637752512,9.722222222222221,0.0
262.54257384669387,89627.63138835064,43170.89778032761,2.2135163886136593,0.0030455301719272292,9.722222222222221,0.0
263.3345338940506,89627.15313294962,43171.52905914614,2.2291889798180424,0.03653545478562367,9.722222222222221,0.0
264.126604683774,89626.65848841409,43172.147583023085,2.261363343464704,0.038850342856902746,9.722222222222221,0.0
264.9185782666111,89626.14541884785,43172.750930796654,2.2856932207205842,0.005439239429693607,9.722222222222221,0.0
265.71057848875455,89625.62631957073,43173.349075854545,2.28696142724768,0.003485893116995692,9.722222222222221,0.0
266.5025523680352,89625.10604710541,43173.946210828595,2.287245347003555,-0.002769103173760161,9.722222222222221,0.0
267.294454160628,89624.58705507533,43174.54437881485,2.283669347708887,-0.0004225532383818923,9.722222222222221,0.0
268.08658780181094,89624.06757355222,43175.14218013979,2.2914586702762723,0.020083273291224814,9.722222222222221,0.0
268.87855079428545,89623.54378307742,43175.736505692075,2.283996358686369,-0.0529498341478592,9.722222222222221,0.0
269.67067805760973,89623.04466737858,43176.35095358246,2.217361422726491,-0.08797096483841409,9.722222222222221,-1.0372803230739096
270.46347102553244,89622.60718223554,43177.010202110825,2.050935742450861,-0.1315305005902394,9.551627704179172,-5.309783213616949
271.2574028268523,89622.27189423931,43177.729833576384,1.9543975638299844,-0.15449726901927183,8.813130876684117,-9.817002888236852
272.0495283516446,89622.02793474331,43178.48320898837,1.8055983152007813,-0.19969070207843143,7.751963176933866,-3.313708704268827
272.84243377032016,89621.8979362586,43179.264120884494,1.6727196138117169,-0.14397986451683847,8.19552403338268,-3.7686982937611986
273.635147009848,89621.86672297891,43180.05605756161,1.5403348945390052,-0.19529261857398086,6.938407341248006,-12.000000000000005
274.4283420037127,89621.95417880741,43180.84331049419,1.3838706302178954,-0.17552854475009072,5.39488800442898,-12.000000000000005
275.21817089943454,89622.13747585133,43181.613902645564,1.228246484110831,-1.1823914618183806,3.1857374472809092,-3.4894132913154987
276.0099697047703,89622.44494881846,43182.3438023574,1.1676765175512107,-0.1138086167724868,4.250518925539031,5.000000000000003
276.8031355724424,89622.8246839621,43183.036778997935,0.9528079984093342,-0.21657235473467157,5.098879270299146,5.0
277.596167544354,89623.31333594573,43183.66091119216,0.8690971233050805,-0.14586609449566765,5.824851030902196,5.000000000000001
278.39302377306376,89623.86609191915,43184.23338836966,0.7294131214029939,-0.204420332754288,6.472824099208945,3.5245471216808824
279.1849026275634,89624.50252224786,43184.70655981299,0.5399775978981833,-0.26591010596082587,6.717740160312903,3.520749363113665
279.97768001248375,89625.20822276376,43185.066296809724,0.42597827140092837,-0.10108530375406742,7.283941701488564,5.0
280.76950633547614,89625.94274161078,43185.36276407783,0.33891818582915295,-0.11887326302237669,7.808589497509011,5.0
281.56184187191514,89626.69835106468,43185.599642005494,0.28151834733923115,-0.023768026928283212,8.300447295477396,4.999999999999996
282.3540742566189,89627.45862161434,43185.82215280797,0.29755480900227316,0.015077709944252553,8.764687624327273,3.4810090313012956
283.1466869681779,89628.22454914336,43186.0176117409,0.05854401983079898,-0.12422680245630077,8.940421997400712,-5.013218795609705
283.9380727223987,89629.0157024929,43186.03401429414,-0.005599376494423497,-0.03733309969594457,7.806272310796431,-12.000000000000002
284.7314934038344,89629.8079387338,43186.02702901751,-0.0005034248258668942,0.049963710302486995,6.4726958090003315,-12.000000000000005
285.5226917992883,89630.60061645451,43186.017468958045,-0.10989049662956725,-0.5238566605263572,4.786128868402671,-3.496104525662196
286.31461572561017,89631.36584832122,43185.81648058328,-0.2981863940400236,-0.2294574462259157,5.552140921138106,5.000000000000001
287.1062971950685,89632.12048582722,43185.57532372713,-0.30647784187947247,-0.062351718012180965,6.224394227775088,5.0
287.89845899933175,89632.87107997246,43185.32291196048,-0.3355689669743205,-0.011154296701263005,6.831156676975879,5.0
288.69046552442353,89633.61939867525,43185.063156931756,-0.32968410892810673,0.010281246752715098,7.388150431353568,5.000000000000003
289.48239760769906,89634.36933064653,43184.80862297438,-0.32633042126338063,-0.0018137406533591846,7.905952670555598,5.000000000000004
290.27438013542366,89635.11918068845,43184.55382167249,-0.32865032287500545,-0.002052621775875444,8.391895668221286,5.000000000000003
291.06637374506136,89635.86864905054,43184.29779771297,-0.3294225347557358,0.00010250411180755218,8.851206076162061,5.0
291.85834849997184,89636.6181497227,43184.041889424356,-0.32827004455814474,0.0028269264561731674,9.287819795398327,4.999999999999996
292.65031607336886,89637.36810421702,43183.787375903434,-0.3272573621327642,-0.006063155357903389,9.704806658855352,2.606581651454513
293.4424171175558,89638.1168763557,43183.52923303671,-0.33725958795250965,-0.006994092522200922,9.722222222222221,0.10679003594638051
294.2344182300452,89638.86470161894,43183.26818708388,-0.3302574632983141,0.02468095145712644,9.722222222222221,-2.394403335363045
295.02638446039464,89639.61733400311,43183.02186584326,-0.2977118771187941,0.07748595204818312,9.323963296832131,-8.397853354375822
295.8198445430831,89640.37562326768,43182.79370306559,-0.3179209652042719,-0.1430397301584408,8.239736013741568,-12.000000000000002
296.6121321383366,89641.13651193684,43182.57639281799,-0.14695309388800162,0.2455074826648052,6.9913051206527355,-3.4763695308117373
297.4088372209448,89641.9287661681,43182.53065238446,0.023596090970478663,0.18524247269491134,7.5395887232757595,2.9298898221854497
298.2016311252265,89642.7209334504,43182.60251258268,0.15053356843083696,0.12548194703314622,7.628398331117142,-5.573626098473237
298.99403262017023,89643.49977568159,43182.74296636488,0.18431495390990402,-0.04070187149636781,6.258979566953539,-12.0
299.78273884503807,89644.27587157067,43182.90118556503,0.3255399442768112,0.5927133064076794,4.499541734745197,-3.4762918010603614
300.57585709453247,89645.00242436523,43183.21937182529,0.4136034426730202,-0.04793062411921417,5.308206695076766,5.000000000000001
301.36699996916843,89645.73194357667,43183.52736993481,0.3902809726239811,-0.01081059501563091,6.007369396334594,4.999999999999997
302.15859615054,89646.46343418639,43183.82885757908,0.39635845312644974,0.021134880136217983,6.633584919011228,4.999999999999997
302.950748255416,89647.19246602662,43184.13834726644,0.40331679699556783,-0.0035344020039427366,7.2059676606610585,4.999999999999997
303.74268031339125,89647.92142523368,43184.4480192263,0.4008533758950239,-4.175086237060096e-05,7.735973791724323,5.0
304.53465952174577,89648.65046199285,43184.757395584566,0.4017155976584035,0.00042515636369550594,8.231954967672673,5.000000000000003
305.32663895529174,89649.37936242863,43185.0671258436,0.40182962078963186,-0.00013721325243683228,8.699705565434416,4.999999999999996
306.1186216172234,89650.10828390258,43185.37682181181,0.4017389664670561,0.00013510612329241877,9.143560769446845,5.0
306.91057492856675,89650.83715969084,43185.68658637594,0.40199570280667096,-2.6043955544592245e-07,9.566830021381199,3.4460483488458227
307.7025955329348,89651.56607889244,43185.99626524996,0.4012309718451602,-0.00193065795167143,9.722222222222221,0.9462030386436593
308.49446768617594,89652.29524953176,43186.30546132692,0.40207859365565396,0.005981936306539975,9.722222222222221,0.0
309.286584474773,89653.02378100035,43186.61554314586,0.3985928650808231,-0.021105010672729914,9.722222222222221,-4.497448592448369
310.07915953172426,89653.75946992662,43186.91095583595,0.3502573405629053,-0.12633993195663848,8.959211166046941,-10.496266082454403
310.87185866814906,89654.5193401887,43187.13149169355,0.20424012043477785,-0.19594176697307342,7.825770597431602,-3.4946207468196793
311.6655617644863,89655.30545489892,43187.23617878287,0.0660813302190716,-0.1567764724992961,8.317434484683213,3.828565082771896
312.45825115645414,89656.09793203186,43187.238602142956,-0.06085805693458346,-0.1635102395220917,8.566790485369529,-2.848573817729781
313.25045351861615,89656.88352586023,43187.13718399498,-0.20107251080171915,-0.19950007244428314,7.755665935140407,-4.460574168153715
314.0443998741481,89657.64528242145,43186.92130850413,-0.339988982737481,-0.14690572765809104,7.696728605467797,-6.277471425784611
314.8357658002576,89658.37253647945,43186.60649935818,-0.48773839452657075,-0.22756115471451077,6.344040431743647,-11.999999999999995
315.6293737932354,89659.03924273464,43186.18079430039,-0.6319879579889323,-0.11662030864112737,4.604373699878299,-12.0
316.42086528231886,89659.66593676567,43185.693335442484,-0.6907954544389554,-5.443506443795186,1.484742883508135,0.0
